<?xml version="1.0.1" encoding="UTF-8" standalone="yes"?>
<addon id="repository.kodistreams" name="KodiStreams Addon Repository" version="1.0.0" provider-name="KodiStreams">
	<extension point="xbmc.addon.repository" name="KodiStreams Addon Repository">
		<info compressed="false">https://raw.githubusercontent.com/StreamingStar/KodiS/master/addons.xml</info>
		<checksum>https://raw.githubusercontent.com/StreamingStar/KodiS/master/addons.xml.md5</checksum>
		<datadir zip="true">https://raw.githubusercontent.com/StreamingStar/KodiS/master/zips</datadir>
	</extension>
	<extension point="xbmc.addon.metadata">
		<summary>Download and install KodiStreams</summary>
		<description>Download and install KodiStreams</description>
		<platform>all</platform>
	</extension>
</addon>

